ADAPTOR_ID,LEADER,SHORTCAKE,FOOTER,TECH,ADAPTOR_NUMBER,Direction,ADAPTOR_SEQ,EXTRA,FINAL_SEQUENCE,CONC
ONT_01_F,AACTGAATGATATCAGTCATCTAGCATCGT,ATGAGGAAGGGCTTGCGTGCTCGGAGACTA,AGGTAATCCATGTAACACCATGAACACATC,ONT,1,F,AACTGAATGATATCAGTCATCTAGCATCGTATGAGGAAGGGCTTGCGTGCTCGGAGACTAAGGTAATCCATGTAACACCATGAACACATC,*T,AACTGAATGATATCAGTCATCTAGCATCGTATGAGGAAGGGCTTGCGTGCTCGGAGACTAAGGTAATCCATGTAACACCATGAACACATC*T,0.5
ONT_02_F,AACTGAATGATATCAGTCATCTAGCATCGT,ACGTGACAATACCGGGCCCGCAGGCGGACT,AGGTAATCCATGTAACACCATGAACACATC,ONT,2,F,AACTGAATGATATCAGTCATCTAGCATCGTACGTGACAATACCGGGCCCGCAGGCGGACTAGGTAATCCATGTAACACCATGAACACATC,*T,AACTGAATGATATCAGTCATCTAGCATCGTACGTGACAATACCGGGCCCGCAGGCGGACTAGGTAATCCATGTAACACCATGAACACATC*T,0.5
ONT_03_F,AACTGAATGATATCAGTCATCTAGCATCGT,AGATGCTGTTGAGTCATTGTTCGAGGCCGA,AGGTAATCCATGTAACACCATGAACACATC,ONT,3,F,AACTGAATGATATCAGTCATCTAGCATCGTAGATGCTGTTGAGTCATTGTTCGAGGCCGAAGGTAATCCATGTAACACCATGAACACATC,*T,AACTGAATGATATCAGTCATCTAGCATCGTAGATGCTGTTGAGTCATTGTTCGAGGCCGAAGGTAATCCATGTAACACCATGAACACATC*T,0.5
ONT_04_F,AACTGAATGATATCAGTCATCTAGCATCGT,AATTTTCATTACTAGCCACGTCGGTAAACA,AGGTAATCCATGTAACACCATGAACACATC,ONT,4,F,AACTGAATGATATCAGTCATCTAGCATCGTAATTTTCATTACTAGCCACGTCGGTAAACAAGGTAATCCATGTAACACCATGAACACATC,*T,AACTGAATGATATCAGTCATCTAGCATCGTAATTTTCATTACTAGCCACGTCGGTAAACAAGGTAATCCATGTAACACCATGAACACATC*T,0.5
ONT_05_F,AACTGAATGATATCAGTCATCTAGCATCGT,AACGGGCTGACGTCTCTTATGCGCAGTCGT,AGGTAATCCATGTAACACCATGAACACATC,ONT,5,F,AACTGAATGATATCAGTCATCTAGCATCGTAACGGGCTGACGTCTCTTATGCGCAGTCGTAGGTAATCCATGTAACACCATGAACACATC,*T,AACTGAATGATATCAGTCATCTAGCATCGTAACGGGCTGACGTCTCTTATGCGCAGTCGTAGGTAATCCATGTAACACCATGAACACATC*T,0.5
ONT_06_F,AACTGAATGATATCAGTCATCTAGCATCGT,CCCAGCTGAACACTAGTATGGGCTCTGTAC,AGGTAATCCATGTAACACCATGAACACATC,ONT,6,F,AACTGAATGATATCAGTCATCTAGCATCGTCCCAGCTGAACACTAGTATGGGCTCTGTACAGGTAATCCATGTAACACCATGAACACATC,*T,AACTGAATGATATCAGTCATCTAGCATCGTCCCAGCTGAACACTAGTATGGGCTCTGTACAGGTAATCCATGTAACACCATGAACACATC*T,0.5
ONT_07_F,AACTGAATGATATCAGTCATCTAGCATCGT,TACCTGGGCAACACGGGGCTATACTCGAGC,AGGTAATCCATGTAACACCATGAACACATC,ONT,7,F,AACTGAATGATATCAGTCATCTAGCATCGTTACCTGGGCAACACGGGGCTATACTCGAGCAGGTAATCCATGTAACACCATGAACACATC,*T,AACTGAATGATATCAGTCATCTAGCATCGTTACCTGGGCAACACGGGGCTATACTCGAGCAGGTAATCCATGTAACACCATGAACACATC*T,0.5
ONT_08_F,AACTGAATGATATCAGTCATCTAGCATCGT,TCGATTACGCGAGAAGAAGTTCTACAATCT,AGGTAATCCATGTAACACCATGAACACATC,ONT,8,F,AACTGAATGATATCAGTCATCTAGCATCGTTCGATTACGCGAGAAGAAGTTCTACAATCTAGGTAATCCATGTAACACCATGAACACATC,*T,AACTGAATGATATCAGTCATCTAGCATCGTTCGATTACGCGAGAAGAAGTTCTACAATCTAGGTAATCCATGTAACACCATGAACACATC*T,0.5
ONT_09_F,AACTGAATGATATCAGTCATCTAGCATCGT,GAATTCGTCATCATATAGCGGAAAACCCCA,AGGTAATCCATGTAACACCATGAACACATC,ONT,9,F,AACTGAATGATATCAGTCATCTAGCATCGTGAATTCGTCATCATATAGCGGAAAACCCCAAGGTAATCCATGTAACACCATGAACACATC,*T,AACTGAATGATATCAGTCATCTAGCATCGTGAATTCGTCATCATATAGCGGAAAACCCCAAGGTAATCCATGTAACACCATGAACACATC*T,0.25
ONT_10_F,AACTGAATGATATCAGTCATCTAGCATCGT,CGGTGGGTTCCGTTGACTTAAGGCTACCAC,AGGTAATCCATGTAACACCATGAACACATC,ONT,10,F,AACTGAATGATATCAGTCATCTAGCATCGTCGGTGGGTTCCGTTGACTTAAGGCTACCACAGGTAATCCATGTAACACCATGAACACATC,*T,AACTGAATGATATCAGTCATCTAGCATCGTCGGTGGGTTCCGTTGACTTAAGGCTACCACAGGTAATCCATGTAACACCATGAACACATC*T,0.25
ONT_11_F,AACTGAATGATATCAGTCATCTAGCATCGT,TACAGCGAATCTCCCAACGTATACCAGCGT,AGGTAATCCATGTAACACCATGAACACATC,ONT,11,F,AACTGAATGATATCAGTCATCTAGCATCGTTACAGCGAATCTCCCAACGTATACCAGCGTAGGTAATCCATGTAACACCATGAACACATC,*T,AACTGAATGATATCAGTCATCTAGCATCGTTACAGCGAATCTCCCAACGTATACCAGCGTAGGTAATCCATGTAACACCATGAACACATC*T,0.25
ONT_12_F,AACTGAATGATATCAGTCATCTAGCATCGT,ACATCTTTCGCAGATAGTGCAGCGCATGAG,AGGTAATCCATGTAACACCATGAACACATC,ONT,12,F,AACTGAATGATATCAGTCATCTAGCATCGTACATCTTTCGCAGATAGTGCAGCGCATGAGAGGTAATCCATGTAACACCATGAACACATC,*T,AACTGAATGATATCAGTCATCTAGCATCGTACATCTTTCGCAGATAGTGCAGCGCATGAGAGGTAATCCATGTAACACCATGAACACATC*T,0.25
ONT_13_F,AACTGAATGATATCAGTCATCTAGCATCGT,ATCATTCATGACCTTTAGAAATCGGTTCAT,AGGTAATCCATGTAACACCATGAACACATC,ONT,13,F,AACTGAATGATATCAGTCATCTAGCATCGTATCATTCATGACCTTTAGAAATCGGTTCATAGGTAATCCATGTAACACCATGAACACATC,*T,AACTGAATGATATCAGTCATCTAGCATCGTATCATTCATGACCTTTAGAAATCGGTTCATAGGTAATCCATGTAACACCATGAACACATC*T,0.25
ONT_14_F,AACTGAATGATATCAGTCATCTAGCATCGT,AAATCCAAGTGGATCTAAGTAACCATTCGA,AGGTAATCCATGTAACACCATGAACACATC,ONT,14,F,AACTGAATGATATCAGTCATCTAGCATCGTAAATCCAAGTGGATCTAAGTAACCATTCGAAGGTAATCCATGTAACACCATGAACACATC,*T,AACTGAATGATATCAGTCATCTAGCATCGTAAATCCAAGTGGATCTAAGTAACCATTCGAAGGTAATCCATGTAACACCATGAACACATC*T,0.25
ONT_15_F,AACTGAATGATATCAGTCATCTAGCATCGT,CCGCCACATACCTAGCATGCGTAGCTGCCA,AGGTAATCCATGTAACACCATGAACACATC,ONT,15,F,AACTGAATGATATCAGTCATCTAGCATCGTCCGCCACATACCTAGCATGCGTAGCTGCCAAGGTAATCCATGTAACACCATGAACACATC,*T,AACTGAATGATATCAGTCATCTAGCATCGTCCGCCACATACCTAGCATGCGTAGCTGCCAAGGTAATCCATGTAACACCATGAACACATC*T,0.25
ONT_16_F,AACTGAATGATATCAGTCATCTAGCATCGT,TAACCCTGATACACTCCTGCTGGCTGCATC,AGGTAATCCATGTAACACCATGAACACATC,ONT,16,F,AACTGAATGATATCAGTCATCTAGCATCGTTAACCCTGATACACTCCTGCTGGCTGCATCAGGTAATCCATGTAACACCATGAACACATC,*T,AACTGAATGATATCAGTCATCTAGCATCGTTAACCCTGATACACTCCTGCTGGCTGCATCAGGTAATCCATGTAACACCATGAACACATC*T,0.25
ONT_17_F,AACTGAATGATATCAGTCATCTAGCATCGT,AAAAAAGTACTCTTTATAATTTAGTGAAGA,AGGTAATCCATGTAACACCATGAACACATC,ONT,17,F,AACTGAATGATATCAGTCATCTAGCATCGTAAAAAAGTACTCTTTATAATTTAGTGAAGAAGGTAATCCATGTAACACCATGAACACATC,*T,AACTGAATGATATCAGTCATCTAGCATCGTAAAAAAGTACTCTTTATAATTTAGTGAAGAAGGTAATCCATGTAACACCATGAACACATC*T,0.125
ONT_18_F,AACTGAATGATATCAGTCATCTAGCATCGT,GCGATCAAGCACAGTAAAGTGTGTCGAGAG,AGGTAATCCATGTAACACCATGAACACATC,ONT,18,F,AACTGAATGATATCAGTCATCTAGCATCGTGCGATCAAGCACAGTAAAGTGTGTCGAGAGAGGTAATCCATGTAACACCATGAACACATC,*T,AACTGAATGATATCAGTCATCTAGCATCGTGCGATCAAGCACAGTAAAGTGTGTCGAGAGAGGTAATCCATGTAACACCATGAACACATC*T,0.125
ONT_19_F,AACTGAATGATATCAGTCATCTAGCATCGT,TTACCCGATCGATAGCAAGTAGATCGCGGG,AGGTAATCCATGTAACACCATGAACACATC,ONT,19,F,AACTGAATGATATCAGTCATCTAGCATCGTTTACCCGATCGATAGCAAGTAGATCGCGGGAGGTAATCCATGTAACACCATGAACACATC,*T,AACTGAATGATATCAGTCATCTAGCATCGTTTACCCGATCGATAGCAAGTAGATCGCGGGAGGTAATCCATGTAACACCATGAACACATC*T,0.125
ONT_20_F,AACTGAATGATATCAGTCATCTAGCATCGT,GTCTCGGCAATGTCAAAGTTTATTCTCTAG,AGGTAATCCATGTAACACCATGAACACATC,ONT,20,F,AACTGAATGATATCAGTCATCTAGCATCGTGTCTCGGCAATGTCAAAGTTTATTCTCTAGAGGTAATCCATGTAACACCATGAACACATC,*T,AACTGAATGATATCAGTCATCTAGCATCGTGTCTCGGCAATGTCAAAGTTTATTCTCTAGAGGTAATCCATGTAACACCATGAACACATC*T,0.125
ONT_21_F,AACTGAATGATATCAGTCATCTAGCATCGT,ATACGTCCAGTGCCGGCGAGTGGGAACGTC,AGGTAATCCATGTAACACCATGAACACATC,ONT,21,F,AACTGAATGATATCAGTCATCTAGCATCGTATACGTCCAGTGCCGGCGAGTGGGAACGTCAGGTAATCCATGTAACACCATGAACACATC,*T,AACTGAATGATATCAGTCATCTAGCATCGTATACGTCCAGTGCCGGCGAGTGGGAACGTCAGGTAATCCATGTAACACCATGAACACATC*T,0.125
ONT_22_F,AACTGAATGATATCAGTCATCTAGCATCGT,GATGGGTGCGCCGCGGATCCGTCACACGCG,AGGTAATCCATGTAACACCATGAACACATC,ONT,22,F,AACTGAATGATATCAGTCATCTAGCATCGTGATGGGTGCGCCGCGGATCCGTCACACGCGAGGTAATCCATGTAACACCATGAACACATC,*T,AACTGAATGATATCAGTCATCTAGCATCGTGATGGGTGCGCCGCGGATCCGTCACACGCGAGGTAATCCATGTAACACCATGAACACATC*T,0.125
ONT_23_F,AACTGAATGATATCAGTCATCTAGCATCGT,TCCGTGAATCCTATGTATAACGGCTCGTGA,AGGTAATCCATGTAACACCATGAACACATC,ONT,23,F,AACTGAATGATATCAGTCATCTAGCATCGTTCCGTGAATCCTATGTATAACGGCTCGTGAAGGTAATCCATGTAACACCATGAACACATC,*T,AACTGAATGATATCAGTCATCTAGCATCGTTCCGTGAATCCTATGTATAACGGCTCGTGAAGGTAATCCATGTAACACCATGAACACATC*T,0.125
ONT_24_F,AACTGAATGATATCAGTCATCTAGCATCGT,TGTGATAGGCACACCGGTTGGTCCACCAGA,AGGTAATCCATGTAACACCATGAACACATC,ONT,24,F,AACTGAATGATATCAGTCATCTAGCATCGTTGTGATAGGCACACCGGTTGGTCCACCAGAAGGTAATCCATGTAACACCATGAACACATC,*T,AACTGAATGATATCAGTCATCTAGCATCGTTGTGATAGGCACACCGGTTGGTCCACCAGAAGGTAATCCATGTAACACCATGAACACATC*T,0.125
ONT_25_F,AACTGAATGATATCAGTCATCTAGCATCGT,GGAGCGGCCCACAGGCTCCGCATTAGACAA,AGGTAATCCATGTAACACCATGAACACATC,ONT,25,F,AACTGAATGATATCAGTCATCTAGCATCGTGGAGCGGCCCACAGGCTCCGCATTAGACAAAGGTAATCCATGTAACACCATGAACACATC,*T,AACTGAATGATATCAGTCATCTAGCATCGTGGAGCGGCCCACAGGCTCCGCATTAGACAAAGGTAATCCATGTAACACCATGAACACATC*T,0.0625
ONT_26_F,AACTGAATGATATCAGTCATCTAGCATCGT,GTTGAACGAGGTTAATATTACAAGAAAAAC,AGGTAATCCATGTAACACCATGAACACATC,ONT,26,F,AACTGAATGATATCAGTCATCTAGCATCGTGTTGAACGAGGTTAATATTACAAGAAAAACAGGTAATCCATGTAACACCATGAACACATC,*T,AACTGAATGATATCAGTCATCTAGCATCGTGTTGAACGAGGTTAATATTACAAGAAAAACAGGTAATCCATGTAACACCATGAACACATC*T,0.0625
ONT_27_F,AACTGAATGATATCAGTCATCTAGCATCGT,ATATCCTCCTACTCCGGCTAAGATCTGTCC,AGGTAATCCATGTAACACCATGAACACATC,ONT,27,F,AACTGAATGATATCAGTCATCTAGCATCGTATATCCTCCTACTCCGGCTAAGATCTGTCCAGGTAATCCATGTAACACCATGAACACATC,*T,AACTGAATGATATCAGTCATCTAGCATCGTATATCCTCCTACTCCGGCTAAGATCTGTCCAGGTAATCCATGTAACACCATGAACACATC*T,0.0625
ONT_28_F,AACTGAATGATATCAGTCATCTAGCATCGT,GGTCTACCGCTTAGGACATAATGTAAAACT,AGGTAATCCATGTAACACCATGAACACATC,ONT,28,F,AACTGAATGATATCAGTCATCTAGCATCGTGGTCTACCGCTTAGGACATAATGTAAAACTAGGTAATCCATGTAACACCATGAACACATC,*T,AACTGAATGATATCAGTCATCTAGCATCGTGGTCTACCGCTTAGGACATAATGTAAAACTAGGTAATCCATGTAACACCATGAACACATC*T,0.0625
ONT_29_F,AACTGAATGATATCAGTCATCTAGCATCGT,AAGGGTGGTTCGGTGATTGGTACGGAGGCT,AGGTAATCCATGTAACACCATGAACACATC,ONT,29,F,AACTGAATGATATCAGTCATCTAGCATCGTAAGGGTGGTTCGGTGATTGGTACGGAGGCTAGGTAATCCATGTAACACCATGAACACATC,*T,AACTGAATGATATCAGTCATCTAGCATCGTAAGGGTGGTTCGGTGATTGGTACGGAGGCTAGGTAATCCATGTAACACCATGAACACATC*T,0.0625
ONT_30_F,AACTGAATGATATCAGTCATCTAGCATCGT,TACACGTAGAGCATAGATTAGCGCTCAAGG,AGGTAATCCATGTAACACCATGAACACATC,ONT,30,F,AACTGAATGATATCAGTCATCTAGCATCGTTACACGTAGAGCATAGATTAGCGCTCAAGGAGGTAATCCATGTAACACCATGAACACATC,*T,AACTGAATGATATCAGTCATCTAGCATCGTTACACGTAGAGCATAGATTAGCGCTCAAGGAGGTAATCCATGTAACACCATGAACACATC*T,0.0625
ONT_31_F,AACTGAATGATATCAGTCATCTAGCATCGT,GGGTACCGGCCATGATTTGAAACGCGGCAG,AGGTAATCCATGTAACACCATGAACACATC,ONT,31,F,AACTGAATGATATCAGTCATCTAGCATCGTGGGTACCGGCCATGATTTGAAACGCGGCAGAGGTAATCCATGTAACACCATGAACACATC,*T,AACTGAATGATATCAGTCATCTAGCATCGTGGGTACCGGCCATGATTTGAAACGCGGCAGAGGTAATCCATGTAACACCATGAACACATC*T,0.0625
ONT_32_F,AACTGAATGATATCAGTCATCTAGCATCGT,AGTGATCCCATGGAATCGCGCGCCCTGTCA,AGGTAATCCATGTAACACCATGAACACATC,ONT,32,F,AACTGAATGATATCAGTCATCTAGCATCGTAGTGATCCCATGGAATCGCGCGCCCTGTCAAGGTAATCCATGTAACACCATGAACACATC,*T,AACTGAATGATATCAGTCATCTAGCATCGTAGTGATCCCATGGAATCGCGCGCCCTGTCAAGGTAATCCATGTAACACCATGAACACATC*T,0.0625
ONT_33_F,AACTGAATGATATCAGTCATCTAGCATCGT,GGTTGCATATGGTCGGATACCCTCGCTTCC,AGGTAATCCATGTAACACCATGAACACATC,ONT,33,F,AACTGAATGATATCAGTCATCTAGCATCGTGGTTGCATATGGTCGGATACCCTCGCTTCCAGGTAATCCATGTAACACCATGAACACATC,*T,AACTGAATGATATCAGTCATCTAGCATCGTGGTTGCATATGGTCGGATACCCTCGCTTCCAGGTAATCCATGTAACACCATGAACACATC*T,0.03125
ONT_34_F,AACTGAATGATATCAGTCATCTAGCATCGT,GATATCATGTGTGGAGTTTCCACGCTCGCA,AGGTAATCCATGTAACACCATGAACACATC,ONT,34,F,AACTGAATGATATCAGTCATCTAGCATCGTGATATCATGTGTGGAGTTTCCACGCTCGCAAGGTAATCCATGTAACACCATGAACACATC,*T,AACTGAATGATATCAGTCATCTAGCATCGTGATATCATGTGTGGAGTTTCCACGCTCGCAAGGTAATCCATGTAACACCATGAACACATC*T,0.03125
ONT_35_F,AACTGAATGATATCAGTCATCTAGCATCGT,TCGCACGTGCATTGGGGGGCGGCCGTGCAA,AGGTAATCCATGTAACACCATGAACACATC,ONT,35,F,AACTGAATGATATCAGTCATCTAGCATCGTTCGCACGTGCATTGGGGGGCGGCCGTGCAAAGGTAATCCATGTAACACCATGAACACATC,*T,AACTGAATGATATCAGTCATCTAGCATCGTTCGCACGTGCATTGGGGGGCGGCCGTGCAAAGGTAATCCATGTAACACCATGAACACATC*T,0.03125
ONT_36_F,AACTGAATGATATCAGTCATCTAGCATCGT,GATATAAGGAAAGGGATGATCAGAGATAAG,AGGTAATCCATGTAACACCATGAACACATC,ONT,36,F,AACTGAATGATATCAGTCATCTAGCATCGTGATATAAGGAAAGGGATGATCAGAGATAAGAGGTAATCCATGTAACACCATGAACACATC,*T,AACTGAATGATATCAGTCATCTAGCATCGTGATATAAGGAAAGGGATGATCAGAGATAAGAGGTAATCCATGTAACACCATGAACACATC*T,0.03125
ONT_37_F,AACTGAATGATATCAGTCATCTAGCATCGT,CATTTCCCTATAGAGTCTTAAACGTTACAG,AGGTAATCCATGTAACACCATGAACACATC,ONT,37,F,AACTGAATGATATCAGTCATCTAGCATCGTCATTTCCCTATAGAGTCTTAAACGTTACAGAGGTAATCCATGTAACACCATGAACACATC,*T,AACTGAATGATATCAGTCATCTAGCATCGTCATTTCCCTATAGAGTCTTAAACGTTACAGAGGTAATCCATGTAACACCATGAACACATC*T,0.03125
ONT_38_F,AACTGAATGATATCAGTCATCTAGCATCGT,GAACATCCAGGCCCCTAGGCTGTGAACTAC,AGGTAATCCATGTAACACCATGAACACATC,ONT,38,F,AACTGAATGATATCAGTCATCTAGCATCGTGAACATCCAGGCCCCTAGGCTGTGAACTACAGGTAATCCATGTAACACCATGAACACATC,*T,AACTGAATGATATCAGTCATCTAGCATCGTGAACATCCAGGCCCCTAGGCTGTGAACTACAGGTAATCCATGTAACACCATGAACACATC*T,0.03125
ONT_39_F,AACTGAATGATATCAGTCATCTAGCATCGT,GGGACCCGGGAGCTTAATTAGTAGTCGGCT,AGGTAATCCATGTAACACCATGAACACATC,ONT,39,F,AACTGAATGATATCAGTCATCTAGCATCGTGGGACCCGGGAGCTTAATTAGTAGTCGGCTAGGTAATCCATGTAACACCATGAACACATC,*T,AACTGAATGATATCAGTCATCTAGCATCGTGGGACCCGGGAGCTTAATTAGTAGTCGGCTAGGTAATCCATGTAACACCATGAACACATC*T,0.03125
ONT_40_F,AACTGAATGATATCAGTCATCTAGCATCGT,TCTATTCCGGATTAAAATCTTCGTTTTGTC,AGGTAATCCATGTAACACCATGAACACATC,ONT,40,F,AACTGAATGATATCAGTCATCTAGCATCGTTCTATTCCGGATTAAAATCTTCGTTTTGTCAGGTAATCCATGTAACACCATGAACACATC,*T,AACTGAATGATATCAGTCATCTAGCATCGTTCTATTCCGGATTAAAATCTTCGTTTTGTCAGGTAATCCATGTAACACCATGAACACATC*T,0.03125
ONT_41_F,AACTGAATGATATCAGTCATCTAGCATCGT,CAAAAGAACAGAAACCGCGCTAGACTGGCA,AGGTAATCCATGTAACACCATGAACACATC,ONT,41,F,AACTGAATGATATCAGTCATCTAGCATCGTCAAAAGAACAGAAACCGCGCTAGACTGGCAAGGTAATCCATGTAACACCATGAACACATC,*T,AACTGAATGATATCAGTCATCTAGCATCGTCAAAAGAACAGAAACCGCGCTAGACTGGCAAGGTAATCCATGTAACACCATGAACACATC*T,0.015625
ONT_42_F,AACTGAATGATATCAGTCATCTAGCATCGT,CCGCAAATGTGCGTTCTGAGCAGTGTCATA,AGGTAATCCATGTAACACCATGAACACATC,ONT,42,F,AACTGAATGATATCAGTCATCTAGCATCGTCCGCAAATGTGCGTTCTGAGCAGTGTCATAAGGTAATCCATGTAACACCATGAACACATC,*T,AACTGAATGATATCAGTCATCTAGCATCGTCCGCAAATGTGCGTTCTGAGCAGTGTCATAAGGTAATCCATGTAACACCATGAACACATC*T,0.015625
ONT_43_F,AACTGAATGATATCAGTCATCTAGCATCGT,CAAATTCGATACTGGTTTGAGGGCCAAACA,AGGTAATCCATGTAACACCATGAACACATC,ONT,43,F,AACTGAATGATATCAGTCATCTAGCATCGTCAAATTCGATACTGGTTTGAGGGCCAAACAAGGTAATCCATGTAACACCATGAACACATC,*T,AACTGAATGATATCAGTCATCTAGCATCGTCAAATTCGATACTGGTTTGAGGGCCAAACAAGGTAATCCATGTAACACCATGAACACATC*T,0.015625
ONT_44_F,AACTGAATGATATCAGTCATCTAGCATCGT,CCTTACCATCAGTAGCAGACGCCAAGGCCT,AGGTAATCCATGTAACACCATGAACACATC,ONT,44,F,AACTGAATGATATCAGTCATCTAGCATCGTCCTTACCATCAGTAGCAGACGCCAAGGCCTAGGTAATCCATGTAACACCATGAACACATC,*T,AACTGAATGATATCAGTCATCTAGCATCGTCCTTACCATCAGTAGCAGACGCCAAGGCCTAGGTAATCCATGTAACACCATGAACACATC*T,0.015625
ONT_45_F,AACTGAATGATATCAGTCATCTAGCATCGT,AGTTAGAGGGGACTCCCCCGAAGTATTCAA,AGGTAATCCATGTAACACCATGAACACATC,ONT,45,F,AACTGAATGATATCAGTCATCTAGCATCGTAGTTAGAGGGGACTCCCCCGAAGTATTCAAAGGTAATCCATGTAACACCATGAACACATC,*T,AACTGAATGATATCAGTCATCTAGCATCGTAGTTAGAGGGGACTCCCCCGAAGTATTCAAAGGTAATCCATGTAACACCATGAACACATC*T,0.015625
ONT_46_F,AACTGAATGATATCAGTCATCTAGCATCGT,TAGCTATGGATAATTCTAGGAATGTTACGG,AGGTAATCCATGTAACACCATGAACACATC,ONT,46,F,AACTGAATGATATCAGTCATCTAGCATCGTTAGCTATGGATAATTCTAGGAATGTTACGGAGGTAATCCATGTAACACCATGAACACATC,*T,AACTGAATGATATCAGTCATCTAGCATCGTTAGCTATGGATAATTCTAGGAATGTTACGGAGGTAATCCATGTAACACCATGAACACATC*T,0.015625
ONT_47_F,AACTGAATGATATCAGTCATCTAGCATCGT,CATACGGTACTATTAATGGCTCACAACAAC,AGGTAATCCATGTAACACCATGAACACATC,ONT,47,F,AACTGAATGATATCAGTCATCTAGCATCGTCATACGGTACTATTAATGGCTCACAACAACAGGTAATCCATGTAACACCATGAACACATC,*T,AACTGAATGATATCAGTCATCTAGCATCGTCATACGGTACTATTAATGGCTCACAACAACAGGTAATCCATGTAACACCATGAACACATC*T,0.015625
ONT_48_F,AACTGAATGATATCAGTCATCTAGCATCGT,GATCCTGAGGTCGTTAACGCTAGCTTGGTT,AGGTAATCCATGTAACACCATGAACACATC,ONT,48,F,AACTGAATGATATCAGTCATCTAGCATCGTGATCCTGAGGTCGTTAACGCTAGCTTGGTTAGGTAATCCATGTAACACCATGAACACATC,*T,AACTGAATGATATCAGTCATCTAGCATCGTGATCCTGAGGTCGTTAACGCTAGCTTGGTTAGGTAATCCATGTAACACCATGAACACATC*T,0.015625
ONT_49_F,AACTGAATGATATCAGTCATCTAGCATCGT,GATAAAAGCAGCAACTATAATCAGCACTTC,AGGTAATCCATGTAACACCATGAACACATC,ONT,49,F,AACTGAATGATATCAGTCATCTAGCATCGTGATAAAAGCAGCAACTATAATCAGCACTTCAGGTAATCCATGTAACACCATGAACACATC,*T,AACTGAATGATATCAGTCATCTAGCATCGTGATAAAAGCAGCAACTATAATCAGCACTTCAGGTAATCCATGTAACACCATGAACACATC*T,0.0078125
ONT_50_F,AACTGAATGATATCAGTCATCTAGCATCGT,CAATTTAAAGCGCCTTCTGGGGCACGATTG,AGGTAATCCATGTAACACCATGAACACATC,ONT,50,F,AACTGAATGATATCAGTCATCTAGCATCGTCAATTTAAAGCGCCTTCTGGGGCACGATTGAGGTAATCCATGTAACACCATGAACACATC,*T,AACTGAATGATATCAGTCATCTAGCATCGTCAATTTAAAGCGCCTTCTGGGGCACGATTGAGGTAATCCATGTAACACCATGAACACATC*T,0.0078125
ONT_51_F,AACTGAATGATATCAGTCATCTAGCATCGT,CGACTTCAGTCACTTATTATTGCAATTCCC,AGGTAATCCATGTAACACCATGAACACATC,ONT,51,F,AACTGAATGATATCAGTCATCTAGCATCGTCGACTTCAGTCACTTATTATTGCAATTCCCAGGTAATCCATGTAACACCATGAACACATC,*T,AACTGAATGATATCAGTCATCTAGCATCGTCGACTTCAGTCACTTATTATTGCAATTCCCAGGTAATCCATGTAACACCATGAACACATC*T,0.0078125
ONT_52_F,AACTGAATGATATCAGTCATCTAGCATCGT,CATTTACGAACGGTTAGCTCATCGGCGCCA,AGGTAATCCATGTAACACCATGAACACATC,ONT,52,F,AACTGAATGATATCAGTCATCTAGCATCGTCATTTACGAACGGTTAGCTCATCGGCGCCAAGGTAATCCATGTAACACCATGAACACATC,*T,AACTGAATGATATCAGTCATCTAGCATCGTCATTTACGAACGGTTAGCTCATCGGCGCCAAGGTAATCCATGTAACACCATGAACACATC*T,0.0078125
ONT_53_F,AACTGAATGATATCAGTCATCTAGCATCGT,GACTTTCACCCCTGCCTCTTGACCCAAGAC,AGGTAATCCATGTAACACCATGAACACATC,ONT,53,F,AACTGAATGATATCAGTCATCTAGCATCGTGACTTTCACCCCTGCCTCTTGACCCAAGACAGGTAATCCATGTAACACCATGAACACATC,*T,AACTGAATGATATCAGTCATCTAGCATCGTGACTTTCACCCCTGCCTCTTGACCCAAGACAGGTAATCCATGTAACACCATGAACACATC*T,0.0078125
ONT_54_F,AACTGAATGATATCAGTCATCTAGCATCGT,CTGCAGTTGGCAAAGCTTAACAGTGAGTTG,AGGTAATCCATGTAACACCATGAACACATC,ONT,54,F,AACTGAATGATATCAGTCATCTAGCATCGTCTGCAGTTGGCAAAGCTTAACAGTGAGTTGAGGTAATCCATGTAACACCATGAACACATC,*T,AACTGAATGATATCAGTCATCTAGCATCGTCTGCAGTTGGCAAAGCTTAACAGTGAGTTGAGGTAATCCATGTAACACCATGAACACATC*T,0.0078125
ONT_55_F,AACTGAATGATATCAGTCATCTAGCATCGT,TACCTTGTTAGGGCAGTACGAGTTCCAGCC,AGGTAATCCATGTAACACCATGAACACATC,ONT,55,F,AACTGAATGATATCAGTCATCTAGCATCGTTACCTTGTTAGGGCAGTACGAGTTCCAGCCAGGTAATCCATGTAACACCATGAACACATC,*T,AACTGAATGATATCAGTCATCTAGCATCGTTACCTTGTTAGGGCAGTACGAGTTCCAGCCAGGTAATCCATGTAACACCATGAACACATC*T,0.0078125
ONT_56_F,AACTGAATGATATCAGTCATCTAGCATCGT,GCACTCAGCGGGAAGACGGGTGTACATGTA,AGGTAATCCATGTAACACCATGAACACATC,ONT,56,F,AACTGAATGATATCAGTCATCTAGCATCGTGCACTCAGCGGGAAGACGGGTGTACATGTAAGGTAATCCATGTAACACCATGAACACATC,*T,AACTGAATGATATCAGTCATCTAGCATCGTGCACTCAGCGGGAAGACGGGTGTACATGTAAGGTAATCCATGTAACACCATGAACACATC*T,0.0078125
ONT_57_F,AACTGAATGATATCAGTCATCTAGCATCGT,GCGACAACCCGCCGTCGTATATATTCGGAC,AGGTAATCCATGTAACACCATGAACACATC,ONT,57,F,AACTGAATGATATCAGTCATCTAGCATCGTGCGACAACCCGCCGTCGTATATATTCGGACAGGTAATCCATGTAACACCATGAACACATC,*T,AACTGAATGATATCAGTCATCTAGCATCGTGCGACAACCCGCCGTCGTATATATTCGGACAGGTAATCCATGTAACACCATGAACACATC*T,0.00195313
ONT_58_F,AACTGAATGATATCAGTCATCTAGCATCGT,CGAGTCGACGATAACACAGACCACAAAGGC,AGGTAATCCATGTAACACCATGAACACATC,ONT,58,F,AACTGAATGATATCAGTCATCTAGCATCGTCGAGTCGACGATAACACAGACCACAAAGGCAGGTAATCCATGTAACACCATGAACACATC,*T,AACTGAATGATATCAGTCATCTAGCATCGTCGAGTCGACGATAACACAGACCACAAAGGCAGGTAATCCATGTAACACCATGAACACATC*T,0.00195313
ONT_59_F,AACTGAATGATATCAGTCATCTAGCATCGT,ATCCTTGCCTGAAATAGGTTTAGCACCTCC,AGGTAATCCATGTAACACCATGAACACATC,ONT,59,F,AACTGAATGATATCAGTCATCTAGCATCGTATCCTTGCCTGAAATAGGTTTAGCACCTCCAGGTAATCCATGTAACACCATGAACACATC,*T,AACTGAATGATATCAGTCATCTAGCATCGTATCCTTGCCTGAAATAGGTTTAGCACCTCCAGGTAATCCATGTAACACCATGAACACATC*T,0.00195313
ONT_60_F,AACTGAATGATATCAGTCATCTAGCATCGT,CTCCAACATGCCCGACAGTTATTTGGTGTC,AGGTAATCCATGTAACACCATGAACACATC,ONT,60,F,AACTGAATGATATCAGTCATCTAGCATCGTCTCCAACATGCCCGACAGTTATTTGGTGTCAGGTAATCCATGTAACACCATGAACACATC,*T,AACTGAATGATATCAGTCATCTAGCATCGTCTCCAACATGCCCGACAGTTATTTGGTGTCAGGTAATCCATGTAACACCATGAACACATC*T,0.00195313
ONT_61_F,AACTGAATGATATCAGTCATCTAGCATCGT,CCTGGTCACCACGAAACAGGTGGCATTCTG,AGGTAATCCATGTAACACCATGAACACATC,ONT,61,F,AACTGAATGATATCAGTCATCTAGCATCGTCCTGGTCACCACGAAACAGGTGGCATTCTGAGGTAATCCATGTAACACCATGAACACATC,*T,AACTGAATGATATCAGTCATCTAGCATCGTCCTGGTCACCACGAAACAGGTGGCATTCTGAGGTAATCCATGTAACACCATGAACACATC*T,0.00195313
ONT_62_F,AACTGAATGATATCAGTCATCTAGCATCGT,CAAACTGAGAGAGCTGCGTCGCCCGGCGTG,AGGTAATCCATGTAACACCATGAACACATC,ONT,62,F,AACTGAATGATATCAGTCATCTAGCATCGTCAAACTGAGAGAGCTGCGTCGCCCGGCGTGAGGTAATCCATGTAACACCATGAACACATC,*T,AACTGAATGATATCAGTCATCTAGCATCGTCAAACTGAGAGAGCTGCGTCGCCCGGCGTGAGGTAATCCATGTAACACCATGAACACATC*T,0.00195313
ONT_63_F,AACTGAATGATATCAGTCATCTAGCATCGT,AGAACCTTCGAAAAGGAGAAAGCCAATATC,AGGTAATCCATGTAACACCATGAACACATC,ONT,63,F,AACTGAATGATATCAGTCATCTAGCATCGTAGAACCTTCGAAAAGGAGAAAGCCAATATCAGGTAATCCATGTAACACCATGAACACATC,*T,AACTGAATGATATCAGTCATCTAGCATCGTAGAACCTTCGAAAAGGAGAAAGCCAATATCAGGTAATCCATGTAACACCATGAACACATC*T,0.00195313
ONT_64_F,AACTGAATGATATCAGTCATCTAGCATCGT,GCCTCACCTACCCAGTTCGCCATGCATATT,AGGTAATCCATGTAACACCATGAACACATC,ONT,64,F,AACTGAATGATATCAGTCATCTAGCATCGTGCCTCACCTACCCAGTTCGCCATGCATATTAGGTAATCCATGTAACACCATGAACACATC,*T,AACTGAATGATATCAGTCATCTAGCATCGTGCCTCACCTACCCAGTTCGCCATGCATATTAGGTAATCCATGTAACACCATGAACACATC*T,0.00195313
ONT_65_F,AACTGAATGATATCAGTCATCTAGCATCGT,TAACTTACTCATAGTCAGACACGACATGGT,AGGTAATCCATGTAACACCATGAACACATC,ONT,65,F,AACTGAATGATATCAGTCATCTAGCATCGTTAACTTACTCATAGTCAGACACGACATGGTAGGTAATCCATGTAACACCATGAACACATC,*T,AACTGAATGATATCAGTCATCTAGCATCGTTAACTTACTCATAGTCAGACACGACATGGTAGGTAATCCATGTAACACCATGAACACATC*T,0.00390625
ONT_66_F,AACTGAATGATATCAGTCATCTAGCATCGT,GCACAATTACCTCTCCAGATGAAGGACGGT,AGGTAATCCATGTAACACCATGAACACATC,ONT,66,F,AACTGAATGATATCAGTCATCTAGCATCGTGCACAATTACCTCTCCAGATGAAGGACGGTAGGTAATCCATGTAACACCATGAACACATC,*T,AACTGAATGATATCAGTCATCTAGCATCGTGCACAATTACCTCTCCAGATGAAGGACGGTAGGTAATCCATGTAACACCATGAACACATC*T,0.00390625
ONT_67_F,AACTGAATGATATCAGTCATCTAGCATCGT,CAGTGGCCATCTCGTCTATCCCCGGATGGA,AGGTAATCCATGTAACACCATGAACACATC,ONT,67,F,AACTGAATGATATCAGTCATCTAGCATCGTCAGTGGCCATCTCGTCTATCCCCGGATGGAAGGTAATCCATGTAACACCATGAACACATC,*T,AACTGAATGATATCAGTCATCTAGCATCGTCAGTGGCCATCTCGTCTATCCCCGGATGGAAGGTAATCCATGTAACACCATGAACACATC*T,0.00390625
ONT_68_F,AACTGAATGATATCAGTCATCTAGCATCGT,CTGTATTTTGCTTCGCGACCCTACACAAGC,AGGTAATCCATGTAACACCATGAACACATC,ONT,68,F,AACTGAATGATATCAGTCATCTAGCATCGTCTGTATTTTGCTTCGCGACCCTACACAAGCAGGTAATCCATGTAACACCATGAACACATC,*T,AACTGAATGATATCAGTCATCTAGCATCGTCTGTATTTTGCTTCGCGACCCTACACAAGCAGGTAATCCATGTAACACCATGAACACATC*T,0.00390625
ONT_69_F,AACTGAATGATATCAGTCATCTAGCATCGT,GTCAATTGCTCCATTGATTCTTACGTACGC,AGGTAATCCATGTAACACCATGAACACATC,ONT,69,F,AACTGAATGATATCAGTCATCTAGCATCGTGTCAATTGCTCCATTGATTCTTACGTACGCAGGTAATCCATGTAACACCATGAACACATC,*T,AACTGAATGATATCAGTCATCTAGCATCGTGTCAATTGCTCCATTGATTCTTACGTACGCAGGTAATCCATGTAACACCATGAACACATC*T,0.00390625
ONT_70_F,AACTGAATGATATCAGTCATCTAGCATCGT,CCAAAGACATCGTAGGCCAGGACTTGAAGC,AGGTAATCCATGTAACACCATGAACACATC,ONT,70,F,AACTGAATGATATCAGTCATCTAGCATCGTCCAAAGACATCGTAGGCCAGGACTTGAAGCAGGTAATCCATGTAACACCATGAACACATC,*T,AACTGAATGATATCAGTCATCTAGCATCGTCCAAAGACATCGTAGGCCAGGACTTGAAGCAGGTAATCCATGTAACACCATGAACACATC*T,0.00390625
ONT_71_F,AACTGAATGATATCAGTCATCTAGCATCGT,TGTCTCAATCCCGAGGACCTAATACGCGCA,AGGTAATCCATGTAACACCATGAACACATC,ONT,71,F,AACTGAATGATATCAGTCATCTAGCATCGTTGTCTCAATCCCGAGGACCTAATACGCGCAAGGTAATCCATGTAACACCATGAACACATC,*T,AACTGAATGATATCAGTCATCTAGCATCGTTGTCTCAATCCCGAGGACCTAATACGCGCAAGGTAATCCATGTAACACCATGAACACATC*T,0.00390625
ONT_72_F,AACTGAATGATATCAGTCATCTAGCATCGT,ACGCCTAAAATGCATACGTATCGATCAGTA,AGGTAATCCATGTAACACCATGAACACATC,ONT,72,F,AACTGAATGATATCAGTCATCTAGCATCGTACGCCTAAAATGCATACGTATCGATCAGTAAGGTAATCCATGTAACACCATGAACACATC,*T,AACTGAATGATATCAGTCATCTAGCATCGTACGCCTAAAATGCATACGTATCGATCAGTAAGGTAATCCATGTAACACCATGAACACATC*T,0.00390625
ONT_01_R,GATGTGTTCATGGTGTTACATGGATTACCT,TAGTCTCCGAGCACGCAAGCCCTTCCTCAT,ACGATGCTAGATGACTGATATCATTCAGTT,ONT,1,R,/5Phos/,GATGTGTTCATGGTGTTACATGGATTACCTTAGTCTCCGAGCACGCAAGCCCTTCCTCATACGATGCTAGATGACTGATATCATTCAGTT,/5Phos/GATGTGTTCATGGTGTTACATGGATTACCTTAGTCTCCGAGCACGCAAGCCCTTCCTCATACGATGCTAGATGACTGATATCATTCAGTT,0.5
ONT_02_R,GATGTGTTCATGGTGTTACATGGATTACCT,AGTCCGCCTGCGGGCCCGGTATTGTCACGT,ACGATGCTAGATGACTGATATCATTCAGTT,ONT,2,R,/5Phos/,GATGTGTTCATGGTGTTACATGGATTACCTAGTCCGCCTGCGGGCCCGGTATTGTCACGTACGATGCTAGATGACTGATATCATTCAGTT,/5Phos/GATGTGTTCATGGTGTTACATGGATTACCTAGTCCGCCTGCGGGCCCGGTATTGTCACGTACGATGCTAGATGACTGATATCATTCAGTT,0.5
ONT_03_R,GATGTGTTCATGGTGTTACATGGATTACCT,TCGGCCTCGAACAATGACTCAACAGCATCT,ACGATGCTAGATGACTGATATCATTCAGTT,ONT,3,R,/5Phos/,GATGTGTTCATGGTGTTACATGGATTACCTTCGGCCTCGAACAATGACTCAACAGCATCTACGATGCTAGATGACTGATATCATTCAGTT,/5Phos/GATGTGTTCATGGTGTTACATGGATTACCTTCGGCCTCGAACAATGACTCAACAGCATCTACGATGCTAGATGACTGATATCATTCAGTT,0.5
ONT_04_R,GATGTGTTCATGGTGTTACATGGATTACCT,TGTTTACCGACGTGGCTAGTAATGAAAATT,ACGATGCTAGATGACTGATATCATTCAGTT,ONT,4,R,/5Phos/,GATGTGTTCATGGTGTTACATGGATTACCTTGTTTACCGACGTGGCTAGTAATGAAAATTACGATGCTAGATGACTGATATCATTCAGTT,/5Phos/GATGTGTTCATGGTGTTACATGGATTACCTTGTTTACCGACGTGGCTAGTAATGAAAATTACGATGCTAGATGACTGATATCATTCAGTT,0.5
ONT_05_R,GATGTGTTCATGGTGTTACATGGATTACCT,ACGACTGCGCATAAGAGACGTCAGCCCGTT,ACGATGCTAGATGACTGATATCATTCAGTT,ONT,5,R,/5Phos/,GATGTGTTCATGGTGTTACATGGATTACCTACGACTGCGCATAAGAGACGTCAGCCCGTTACGATGCTAGATGACTGATATCATTCAGTT,/5Phos/GATGTGTTCATGGTGTTACATGGATTACCTACGACTGCGCATAAGAGACGTCAGCCCGTTACGATGCTAGATGACTGATATCATTCAGTT,0.5
ONT_06_R,GATGTGTTCATGGTGTTACATGGATTACCT,GTACAGAGCCCATACTAGTGTTCAGCTGGG,ACGATGCTAGATGACTGATATCATTCAGTT,ONT,6,R,/5Phos/,GATGTGTTCATGGTGTTACATGGATTACCTGTACAGAGCCCATACTAGTGTTCAGCTGGGACGATGCTAGATGACTGATATCATTCAGTT,/5Phos/GATGTGTTCATGGTGTTACATGGATTACCTGTACAGAGCCCATACTAGTGTTCAGCTGGGACGATGCTAGATGACTGATATCATTCAGTT,0.5
ONT_07_R,GATGTGTTCATGGTGTTACATGGATTACCT,GCTCGAGTATAGCCCCGTGTTGCCCAGGTA,ACGATGCTAGATGACTGATATCATTCAGTT,ONT,7,R,/5Phos/,GATGTGTTCATGGTGTTACATGGATTACCTGCTCGAGTATAGCCCCGTGTTGCCCAGGTAACGATGCTAGATGACTGATATCATTCAGTT,/5Phos/GATGTGTTCATGGTGTTACATGGATTACCTGCTCGAGTATAGCCCCGTGTTGCCCAGGTAACGATGCTAGATGACTGATATCATTCAGTT,0.5
ONT_08_R,GATGTGTTCATGGTGTTACATGGATTACCT,AGATTGTAGAACTTCTTCTCGCGTAATCGA,ACGATGCTAGATGACTGATATCATTCAGTT,ONT,8,R,/5Phos/,GATGTGTTCATGGTGTTACATGGATTACCTAGATTGTAGAACTTCTTCTCGCGTAATCGAACGATGCTAGATGACTGATATCATTCAGTT,/5Phos/GATGTGTTCATGGTGTTACATGGATTACCTAGATTGTAGAACTTCTTCTCGCGTAATCGAACGATGCTAGATGACTGATATCATTCAGTT,0.5
ONT_09_R,GATGTGTTCATGGTGTTACATGGATTACCT,TGGGGTTTTCCGCTATATGATGACGAATTC,ACGATGCTAGATGACTGATATCATTCAGTT,ONT,9,R,/5Phos/,GATGTGTTCATGGTGTTACATGGATTACCTTGGGGTTTTCCGCTATATGATGACGAATTCACGATGCTAGATGACTGATATCATTCAGTT,/5Phos/GATGTGTTCATGGTGTTACATGGATTACCTTGGGGTTTTCCGCTATATGATGACGAATTCACGATGCTAGATGACTGATATCATTCAGTT,0.25
ONT_10_R,GATGTGTTCATGGTGTTACATGGATTACCT,GTGGTAGCCTTAAGTCAACGGAACCCACCG,ACGATGCTAGATGACTGATATCATTCAGTT,ONT,10,R,/5Phos/,GATGTGTTCATGGTGTTACATGGATTACCTGTGGTAGCCTTAAGTCAACGGAACCCACCGACGATGCTAGATGACTGATATCATTCAGTT,/5Phos/GATGTGTTCATGGTGTTACATGGATTACCTGTGGTAGCCTTAAGTCAACGGAACCCACCGACGATGCTAGATGACTGATATCATTCAGTT,0.25
ONT_11_R,GATGTGTTCATGGTGTTACATGGATTACCT,ACGCTGGTATACGTTGGGAGATTCGCTGTA,ACGATGCTAGATGACTGATATCATTCAGTT,ONT,11,R,/5Phos/,GATGTGTTCATGGTGTTACATGGATTACCTACGCTGGTATACGTTGGGAGATTCGCTGTAACGATGCTAGATGACTGATATCATTCAGTT,/5Phos/GATGTGTTCATGGTGTTACATGGATTACCTACGCTGGTATACGTTGGGAGATTCGCTGTAACGATGCTAGATGACTGATATCATTCAGTT,0.25
ONT_12_R,GATGTGTTCATGGTGTTACATGGATTACCT,CTCATGCGCTGCACTATCTGCGAAAGATGT,ACGATGCTAGATGACTGATATCATTCAGTT,ONT,12,R,/5Phos/,GATGTGTTCATGGTGTTACATGGATTACCTCTCATGCGCTGCACTATCTGCGAAAGATGTACGATGCTAGATGACTGATATCATTCAGTT,/5Phos/GATGTGTTCATGGTGTTACATGGATTACCTCTCATGCGCTGCACTATCTGCGAAAGATGTACGATGCTAGATGACTGATATCATTCAGTT,0.25
ONT_13_R,GATGTGTTCATGGTGTTACATGGATTACCT,ATGAACCGATTTCTAAAGGTCATGAATGAT,ACGATGCTAGATGACTGATATCATTCAGTT,ONT,13,R,/5Phos/,GATGTGTTCATGGTGTTACATGGATTACCTATGAACCGATTTCTAAAGGTCATGAATGATACGATGCTAGATGACTGATATCATTCAGTT,/5Phos/GATGTGTTCATGGTGTTACATGGATTACCTATGAACCGATTTCTAAAGGTCATGAATGATACGATGCTAGATGACTGATATCATTCAGTT,0.25
ONT_14_R,GATGTGTTCATGGTGTTACATGGATTACCT,TCGAATGGTTACTTAGATCCACTTGGATTT,ACGATGCTAGATGACTGATATCATTCAGTT,ONT,14,R,/5Phos/,GATGTGTTCATGGTGTTACATGGATTACCTTCGAATGGTTACTTAGATCCACTTGGATTTACGATGCTAGATGACTGATATCATTCAGTT,/5Phos/GATGTGTTCATGGTGTTACATGGATTACCTTCGAATGGTTACTTAGATCCACTTGGATTTACGATGCTAGATGACTGATATCATTCAGTT,0.25
ONT_15_R,GATGTGTTCATGGTGTTACATGGATTACCT,TGGCAGCTACGCATGCTAGGTATGTGGCGG,ACGATGCTAGATGACTGATATCATTCAGTT,ONT,15,R,/5Phos/,GATGTGTTCATGGTGTTACATGGATTACCTTGGCAGCTACGCATGCTAGGTATGTGGCGGACGATGCTAGATGACTGATATCATTCAGTT,/5Phos/GATGTGTTCATGGTGTTACATGGATTACCTTGGCAGCTACGCATGCTAGGTATGTGGCGGACGATGCTAGATGACTGATATCATTCAGTT,0.25
ONT_16_R,GATGTGTTCATGGTGTTACATGGATTACCT,GATGCAGCCAGCAGGAGTGTATCAGGGTTA,ACGATGCTAGATGACTGATATCATTCAGTT,ONT,16,R,/5Phos/,GATGTGTTCATGGTGTTACATGGATTACCTGATGCAGCCAGCAGGAGTGTATCAGGGTTAACGATGCTAGATGACTGATATCATTCAGTT,/5Phos/GATGTGTTCATGGTGTTACATGGATTACCTGATGCAGCCAGCAGGAGTGTATCAGGGTTAACGATGCTAGATGACTGATATCATTCAGTT,0.25
ONT_17_R,GATGTGTTCATGGTGTTACATGGATTACCT,TCTTCACTAAATTATAAAGAGTACTTTTTT,ACGATGCTAGATGACTGATATCATTCAGTT,ONT,17,R,/5Phos/,GATGTGTTCATGGTGTTACATGGATTACCTTCTTCACTAAATTATAAAGAGTACTTTTTTACGATGCTAGATGACTGATATCATTCAGTT,/5Phos/GATGTGTTCATGGTGTTACATGGATTACCTTCTTCACTAAATTATAAAGAGTACTTTTTTACGATGCTAGATGACTGATATCATTCAGTT,0.125
ONT_18_R,GATGTGTTCATGGTGTTACATGGATTACCT,CTCTCGACACACTTTACTGTGCTTGATCGC,ACGATGCTAGATGACTGATATCATTCAGTT,ONT,18,R,/5Phos/,GATGTGTTCATGGTGTTACATGGATTACCTCTCTCGACACACTTTACTGTGCTTGATCGCACGATGCTAGATGACTGATATCATTCAGTT,/5Phos/GATGTGTTCATGGTGTTACATGGATTACCTCTCTCGACACACTTTACTGTGCTTGATCGCACGATGCTAGATGACTGATATCATTCAGTT,0.125
ONT_19_R,GATGTGTTCATGGTGTTACATGGATTACCT,CCCGCGATCTACTTGCTATCGATCGGGTAA,ACGATGCTAGATGACTGATATCATTCAGTT,ONT,19,R,/5Phos/,GATGTGTTCATGGTGTTACATGGATTACCTCCCGCGATCTACTTGCTATCGATCGGGTAAACGATGCTAGATGACTGATATCATTCAGTT,/5Phos/GATGTGTTCATGGTGTTACATGGATTACCTCCCGCGATCTACTTGCTATCGATCGGGTAAACGATGCTAGATGACTGATATCATTCAGTT,0.125
ONT_20_R,GATGTGTTCATGGTGTTACATGGATTACCT,CTAGAGAATAAACTTTGACATTGCCGAGAC,ACGATGCTAGATGACTGATATCATTCAGTT,ONT,20,R,/5Phos/,GATGTGTTCATGGTGTTACATGGATTACCTCTAGAGAATAAACTTTGACATTGCCGAGACACGATGCTAGATGACTGATATCATTCAGTT,/5Phos/GATGTGTTCATGGTGTTACATGGATTACCTCTAGAGAATAAACTTTGACATTGCCGAGACACGATGCTAGATGACTGATATCATTCAGTT,0.125
ONT_21_R,GATGTGTTCATGGTGTTACATGGATTACCT,GACGTTCCCACTCGCCGGCACTGGACGTAT,ACGATGCTAGATGACTGATATCATTCAGTT,ONT,21,R,/5Phos/,GATGTGTTCATGGTGTTACATGGATTACCTGACGTTCCCACTCGCCGGCACTGGACGTATACGATGCTAGATGACTGATATCATTCAGTT,/5Phos/GATGTGTTCATGGTGTTACATGGATTACCTGACGTTCCCACTCGCCGGCACTGGACGTATACGATGCTAGATGACTGATATCATTCAGTT,0.125
ONT_22_R,GATGTGTTCATGGTGTTACATGGATTACCT,CGCGTGTGACGGATCCGCGGCGCACCCATC,ACGATGCTAGATGACTGATATCATTCAGTT,ONT,22,R,/5Phos/,GATGTGTTCATGGTGTTACATGGATTACCTCGCGTGTGACGGATCCGCGGCGCACCCATCACGATGCTAGATGACTGATATCATTCAGTT,/5Phos/GATGTGTTCATGGTGTTACATGGATTACCTCGCGTGTGACGGATCCGCGGCGCACCCATCACGATGCTAGATGACTGATATCATTCAGTT,0.125
ONT_23_R,GATGTGTTCATGGTGTTACATGGATTACCT,TCACGAGCCGTTATACATAGGATTCACGGA,ACGATGCTAGATGACTGATATCATTCAGTT,ONT,23,R,/5Phos/,GATGTGTTCATGGTGTTACATGGATTACCTTCACGAGCCGTTATACATAGGATTCACGGAACGATGCTAGATGACTGATATCATTCAGTT,/5Phos/GATGTGTTCATGGTGTTACATGGATTACCTTCACGAGCCGTTATACATAGGATTCACGGAACGATGCTAGATGACTGATATCATTCAGTT,0.125
ONT_24_R,GATGTGTTCATGGTGTTACATGGATTACCT,TCTGGTGGACCAACCGGTGTGCCTATCACA,ACGATGCTAGATGACTGATATCATTCAGTT,ONT,24,R,/5Phos/,GATGTGTTCATGGTGTTACATGGATTACCTTCTGGTGGACCAACCGGTGTGCCTATCACAACGATGCTAGATGACTGATATCATTCAGTT,/5Phos/GATGTGTTCATGGTGTTACATGGATTACCTTCTGGTGGACCAACCGGTGTGCCTATCACAACGATGCTAGATGACTGATATCATTCAGTT,0.125
ONT_25_R,GATGTGTTCATGGTGTTACATGGATTACCT,TTGTCTAATGCGGAGCCTGTGGGCCGCTCC,ACGATGCTAGATGACTGATATCATTCAGTT,ONT,25,R,/5Phos/,GATGTGTTCATGGTGTTACATGGATTACCTTTGTCTAATGCGGAGCCTGTGGGCCGCTCCACGATGCTAGATGACTGATATCATTCAGTT,/5Phos/GATGTGTTCATGGTGTTACATGGATTACCTTTGTCTAATGCGGAGCCTGTGGGCCGCTCCACGATGCTAGATGACTGATATCATTCAGTT,0.0625
ONT_26_R,GATGTGTTCATGGTGTTACATGGATTACCT,GTTTTTCTTGTAATATTAACCTCGTTCAAC,ACGATGCTAGATGACTGATATCATTCAGTT,ONT,26,R,/5Phos/,GATGTGTTCATGGTGTTACATGGATTACCTGTTTTTCTTGTAATATTAACCTCGTTCAACACGATGCTAGATGACTGATATCATTCAGTT,/5Phos/GATGTGTTCATGGTGTTACATGGATTACCTGTTTTTCTTGTAATATTAACCTCGTTCAACACGATGCTAGATGACTGATATCATTCAGTT,0.0625
ONT_27_R,GATGTGTTCATGGTGTTACATGGATTACCT,GGACAGATCTTAGCCGGAGTAGGAGGATAT,ACGATGCTAGATGACTGATATCATTCAGTT,ONT,27,R,/5Phos/,GATGTGTTCATGGTGTTACATGGATTACCTGGACAGATCTTAGCCGGAGTAGGAGGATATACGATGCTAGATGACTGATATCATTCAGTT,/5Phos/GATGTGTTCATGGTGTTACATGGATTACCTGGACAGATCTTAGCCGGAGTAGGAGGATATACGATGCTAGATGACTGATATCATTCAGTT,0.0625
ONT_28_R,GATGTGTTCATGGTGTTACATGGATTACCT,AGTTTTACATTATGTCCTAAGCGGTAGACC,ACGATGCTAGATGACTGATATCATTCAGTT,ONT,28,R,/5Phos/,GATGTGTTCATGGTGTTACATGGATTACCTAGTTTTACATTATGTCCTAAGCGGTAGACCACGATGCTAGATGACTGATATCATTCAGTT,/5Phos/GATGTGTTCATGGTGTTACATGGATTACCTAGTTTTACATTATGTCCTAAGCGGTAGACCACGATGCTAGATGACTGATATCATTCAGTT,0.0625
ONT_29_R,GATGTGTTCATGGTGTTACATGGATTACCT,AGCCTCCGTACCAATCACCGAACCACCCTT,ACGATGCTAGATGACTGATATCATTCAGTT,ONT,29,R,/5Phos/,GATGTGTTCATGGTGTTACATGGATTACCTAGCCTCCGTACCAATCACCGAACCACCCTTACGATGCTAGATGACTGATATCATTCAGTT,/5Phos/GATGTGTTCATGGTGTTACATGGATTACCTAGCCTCCGTACCAATCACCGAACCACCCTTACGATGCTAGATGACTGATATCATTCAGTT,0.0625
ONT_30_R,GATGTGTTCATGGTGTTACATGGATTACCT,CCTTGAGCGCTAATCTATGCTCTACGTGTA,ACGATGCTAGATGACTGATATCATTCAGTT,ONT,30,R,/5Phos/,GATGTGTTCATGGTGTTACATGGATTACCTCCTTGAGCGCTAATCTATGCTCTACGTGTAACGATGCTAGATGACTGATATCATTCAGTT,/5Phos/GATGTGTTCATGGTGTTACATGGATTACCTCCTTGAGCGCTAATCTATGCTCTACGTGTAACGATGCTAGATGACTGATATCATTCAGTT,0.0625
ONT_31_R,GATGTGTTCATGGTGTTACATGGATTACCT,CTGCCGCGTTTCAAATCATGGCCGGTACCC,ACGATGCTAGATGACTGATATCATTCAGTT,ONT,31,R,/5Phos/,GATGTGTTCATGGTGTTACATGGATTACCTCTGCCGCGTTTCAAATCATGGCCGGTACCCACGATGCTAGATGACTGATATCATTCAGTT,/5Phos/GATGTGTTCATGGTGTTACATGGATTACCTCTGCCGCGTTTCAAATCATGGCCGGTACCCACGATGCTAGATGACTGATATCATTCAGTT,0.0625
ONT_32_R,GATGTGTTCATGGTGTTACATGGATTACCT,TGACAGGGCGCGCGATTCCATGGGATCACT,ACGATGCTAGATGACTGATATCATTCAGTT,ONT,32,R,/5Phos/,GATGTGTTCATGGTGTTACATGGATTACCTTGACAGGGCGCGCGATTCCATGGGATCACTACGATGCTAGATGACTGATATCATTCAGTT,/5Phos/GATGTGTTCATGGTGTTACATGGATTACCTTGACAGGGCGCGCGATTCCATGGGATCACTACGATGCTAGATGACTGATATCATTCAGTT,0.0625
ONT_33_R,GATGTGTTCATGGTGTTACATGGATTACCT,GGAAGCGAGGGTATCCGACCATATGCAACC,ACGATGCTAGATGACTGATATCATTCAGTT,ONT,33,R,/5Phos/,GATGTGTTCATGGTGTTACATGGATTACCTGGAAGCGAGGGTATCCGACCATATGCAACCACGATGCTAGATGACTGATATCATTCAGTT,/5Phos/GATGTGTTCATGGTGTTACATGGATTACCTGGAAGCGAGGGTATCCGACCATATGCAACCACGATGCTAGATGACTGATATCATTCAGTT,0.03125
ONT_34_R,GATGTGTTCATGGTGTTACATGGATTACCT,TGCGAGCGTGGAAACTCCACACATGATATC,ACGATGCTAGATGACTGATATCATTCAGTT,ONT,34,R,/5Phos/,GATGTGTTCATGGTGTTACATGGATTACCTTGCGAGCGTGGAAACTCCACACATGATATCACGATGCTAGATGACTGATATCATTCAGTT,/5Phos/GATGTGTTCATGGTGTTACATGGATTACCTTGCGAGCGTGGAAACTCCACACATGATATCACGATGCTAGATGACTGATATCATTCAGTT,0.03125
ONT_35_R,GATGTGTTCATGGTGTTACATGGATTACCT,TTGCACGGCCGCCCCCCAATGCACGTGCGA,ACGATGCTAGATGACTGATATCATTCAGTT,ONT,35,R,/5Phos/,GATGTGTTCATGGTGTTACATGGATTACCTTTGCACGGCCGCCCCCCAATGCACGTGCGAACGATGCTAGATGACTGATATCATTCAGTT,/5Phos/GATGTGTTCATGGTGTTACATGGATTACCTTTGCACGGCCGCCCCCCAATGCACGTGCGAACGATGCTAGATGACTGATATCATTCAGTT,0.03125
ONT_36_R,GATGTGTTCATGGTGTTACATGGATTACCT,CTTATCTCTGATCATCCCTTTCCTTATATC,ACGATGCTAGATGACTGATATCATTCAGTT,ONT,36,R,/5Phos/,GATGTGTTCATGGTGTTACATGGATTACCTCTTATCTCTGATCATCCCTTTCCTTATATCACGATGCTAGATGACTGATATCATTCAGTT,/5Phos/GATGTGTTCATGGTGTTACATGGATTACCTCTTATCTCTGATCATCCCTTTCCTTATATCACGATGCTAGATGACTGATATCATTCAGTT,0.03125
ONT_37_R,GATGTGTTCATGGTGTTACATGGATTACCT,CTGTAACGTTTAAGACTCTATAGGGAAATG,ACGATGCTAGATGACTGATATCATTCAGTT,ONT,37,R,/5Phos/,GATGTGTTCATGGTGTTACATGGATTACCTCTGTAACGTTTAAGACTCTATAGGGAAATGACGATGCTAGATGACTGATATCATTCAGTT,/5Phos/GATGTGTTCATGGTGTTACATGGATTACCTCTGTAACGTTTAAGACTCTATAGGGAAATGACGATGCTAGATGACTGATATCATTCAGTT,0.03125
ONT_38_R,GATGTGTTCATGGTGTTACATGGATTACCT,GTAGTTCACAGCCTAGGGGCCTGGATGTTC,ACGATGCTAGATGACTGATATCATTCAGTT,ONT,38,R,/5Phos/,GATGTGTTCATGGTGTTACATGGATTACCTGTAGTTCACAGCCTAGGGGCCTGGATGTTCACGATGCTAGATGACTGATATCATTCAGTT,/5Phos/GATGTGTTCATGGTGTTACATGGATTACCTGTAGTTCACAGCCTAGGGGCCTGGATGTTCACGATGCTAGATGACTGATATCATTCAGTT,0.03125
ONT_39_R,GATGTGTTCATGGTGTTACATGGATTACCT,AGCCGACTACTAATTAAGCTCCCGGGTCCC,ACGATGCTAGATGACTGATATCATTCAGTT,ONT,39,R,/5Phos/,GATGTGTTCATGGTGTTACATGGATTACCTAGCCGACTACTAATTAAGCTCCCGGGTCCCACGATGCTAGATGACTGATATCATTCAGTT,/5Phos/GATGTGTTCATGGTGTTACATGGATTACCTAGCCGACTACTAATTAAGCTCCCGGGTCCCACGATGCTAGATGACTGATATCATTCAGTT,0.03125
ONT_40_R,GATGTGTTCATGGTGTTACATGGATTACCT,GACAAAACGAAGATTTTAATCCGGAATAGA,ACGATGCTAGATGACTGATATCATTCAGTT,ONT,40,R,/5Phos/,GATGTGTTCATGGTGTTACATGGATTACCTGACAAAACGAAGATTTTAATCCGGAATAGAACGATGCTAGATGACTGATATCATTCAGTT,/5Phos/GATGTGTTCATGGTGTTACATGGATTACCTGACAAAACGAAGATTTTAATCCGGAATAGAACGATGCTAGATGACTGATATCATTCAGTT,0.03125
ONT_41_R,GATGTGTTCATGGTGTTACATGGATTACCT,TGCCAGTCTAGCGCGGTTTCTGTTCTTTTG,ACGATGCTAGATGACTGATATCATTCAGTT,ONT,41,R,/5Phos/,GATGTGTTCATGGTGTTACATGGATTACCTTGCCAGTCTAGCGCGGTTTCTGTTCTTTTGACGATGCTAGATGACTGATATCATTCAGTT,/5Phos/GATGTGTTCATGGTGTTACATGGATTACCTTGCCAGTCTAGCGCGGTTTCTGTTCTTTTGACGATGCTAGATGACTGATATCATTCAGTT,0.015625
ONT_42_R,GATGTGTTCATGGTGTTACATGGATTACCT,TATGACACTGCTCAGAACGCACATTTGCGG,ACGATGCTAGATGACTGATATCATTCAGTT,ONT,42,R,/5Phos/,GATGTGTTCATGGTGTTACATGGATTACCTTATGACACTGCTCAGAACGCACATTTGCGGACGATGCTAGATGACTGATATCATTCAGTT,/5Phos/GATGTGTTCATGGTGTTACATGGATTACCTTATGACACTGCTCAGAACGCACATTTGCGGACGATGCTAGATGACTGATATCATTCAGTT,0.015625
ONT_43_R,GATGTGTTCATGGTGTTACATGGATTACCT,TGTTTGGCCCTCAAACCAGTATCGAATTTG,ACGATGCTAGATGACTGATATCATTCAGTT,ONT,43,R,/5Phos/,GATGTGTTCATGGTGTTACATGGATTACCTTGTTTGGCCCTCAAACCAGTATCGAATTTGACGATGCTAGATGACTGATATCATTCAGTT,/5Phos/GATGTGTTCATGGTGTTACATGGATTACCTTGTTTGGCCCTCAAACCAGTATCGAATTTGACGATGCTAGATGACTGATATCATTCAGTT,0.015625
ONT_44_R,GATGTGTTCATGGTGTTACATGGATTACCT,AGGCCTTGGCGTCTGCTACTGATGGTAAGG,ACGATGCTAGATGACTGATATCATTCAGTT,ONT,44,R,/5Phos/,GATGTGTTCATGGTGTTACATGGATTACCTAGGCCTTGGCGTCTGCTACTGATGGTAAGGACGATGCTAGATGACTGATATCATTCAGTT,/5Phos/GATGTGTTCATGGTGTTACATGGATTACCTAGGCCTTGGCGTCTGCTACTGATGGTAAGGACGATGCTAGATGACTGATATCATTCAGTT,0.015625
ONT_45_R,GATGTGTTCATGGTGTTACATGGATTACCT,TTGAATACTTCGGGGGAGTCCCCTCTAACT,ACGATGCTAGATGACTGATATCATTCAGTT,ONT,45,R,/5Phos/,GATGTGTTCATGGTGTTACATGGATTACCTTTGAATACTTCGGGGGAGTCCCCTCTAACTACGATGCTAGATGACTGATATCATTCAGTT,/5Phos/GATGTGTTCATGGTGTTACATGGATTACCTTTGAATACTTCGGGGGAGTCCCCTCTAACTACGATGCTAGATGACTGATATCATTCAGTT,0.015625
ONT_46_R,GATGTGTTCATGGTGTTACATGGATTACCT,CCGTAACATTCCTAGAATTATCCATAGCTA,ACGATGCTAGATGACTGATATCATTCAGTT,ONT,46,R,/5Phos/,GATGTGTTCATGGTGTTACATGGATTACCTCCGTAACATTCCTAGAATTATCCATAGCTAACGATGCTAGATGACTGATATCATTCAGTT,/5Phos/GATGTGTTCATGGTGTTACATGGATTACCTCCGTAACATTCCTAGAATTATCCATAGCTAACGATGCTAGATGACTGATATCATTCAGTT,0.015625
ONT_47_R,GATGTGTTCATGGTGTTACATGGATTACCT,GTTGTTGTGAGCCATTAATAGTACCGTATG,ACGATGCTAGATGACTGATATCATTCAGTT,ONT,47,R,/5Phos/,GATGTGTTCATGGTGTTACATGGATTACCTGTTGTTGTGAGCCATTAATAGTACCGTATGACGATGCTAGATGACTGATATCATTCAGTT,/5Phos/GATGTGTTCATGGTGTTACATGGATTACCTGTTGTTGTGAGCCATTAATAGTACCGTATGACGATGCTAGATGACTGATATCATTCAGTT,0.015625
ONT_48_R,GATGTGTTCATGGTGTTACATGGATTACCT,AACCAAGCTAGCGTTAACGACCTCAGGATC,ACGATGCTAGATGACTGATATCATTCAGTT,ONT,48,R,/5Phos/,GATGTGTTCATGGTGTTACATGGATTACCTAACCAAGCTAGCGTTAACGACCTCAGGATCACGATGCTAGATGACTGATATCATTCAGTT,/5Phos/GATGTGTTCATGGTGTTACATGGATTACCTAACCAAGCTAGCGTTAACGACCTCAGGATCACGATGCTAGATGACTGATATCATTCAGTT,0.015625
ONT_49_R,GATGTGTTCATGGTGTTACATGGATTACCT,GAAGTGCTGATTATAGTTGCTGCTTTTATC,ACGATGCTAGATGACTGATATCATTCAGTT,ONT,49,R,/5Phos/,GATGTGTTCATGGTGTTACATGGATTACCTGAAGTGCTGATTATAGTTGCTGCTTTTATCACGATGCTAGATGACTGATATCATTCAGTT,/5Phos/GATGTGTTCATGGTGTTACATGGATTACCTGAAGTGCTGATTATAGTTGCTGCTTTTATCACGATGCTAGATGACTGATATCATTCAGTT,0.0078125
ONT_50_R,GATGTGTTCATGGTGTTACATGGATTACCT,CAATCGTGCCCCAGAAGGCGCTTTAAATTG,ACGATGCTAGATGACTGATATCATTCAGTT,ONT,50,R,/5Phos/,GATGTGTTCATGGTGTTACATGGATTACCTCAATCGTGCCCCAGAAGGCGCTTTAAATTGACGATGCTAGATGACTGATATCATTCAGTT,/5Phos/GATGTGTTCATGGTGTTACATGGATTACCTCAATCGTGCCCCAGAAGGCGCTTTAAATTGACGATGCTAGATGACTGATATCATTCAGTT,0.0078125
ONT_51_R,GATGTGTTCATGGTGTTACATGGATTACCT,GGGAATTGCAATAATAAGTGACTGAAGTCG,ACGATGCTAGATGACTGATATCATTCAGTT,ONT,51,R,/5Phos/,GATGTGTTCATGGTGTTACATGGATTACCTGGGAATTGCAATAATAAGTGACTGAAGTCGACGATGCTAGATGACTGATATCATTCAGTT,/5Phos/GATGTGTTCATGGTGTTACATGGATTACCTGGGAATTGCAATAATAAGTGACTGAAGTCGACGATGCTAGATGACTGATATCATTCAGTT,0.0078125
ONT_52_R,GATGTGTTCATGGTGTTACATGGATTACCT,TGGCGCCGATGAGCTAACCGTTCGTAAATG,ACGATGCTAGATGACTGATATCATTCAGTT,ONT,52,R,/5Phos/,GATGTGTTCATGGTGTTACATGGATTACCTTGGCGCCGATGAGCTAACCGTTCGTAAATGACGATGCTAGATGACTGATATCATTCAGTT,/5Phos/GATGTGTTCATGGTGTTACATGGATTACCTTGGCGCCGATGAGCTAACCGTTCGTAAATGACGATGCTAGATGACTGATATCATTCAGTT,0.0078125
ONT_53_R,GATGTGTTCATGGTGTTACATGGATTACCT,GTCTTGGGTCAAGAGGCAGGGGTGAAAGTC,ACGATGCTAGATGACTGATATCATTCAGTT,ONT,53,R,/5Phos/,GATGTGTTCATGGTGTTACATGGATTACCTGTCTTGGGTCAAGAGGCAGGGGTGAAAGTCACGATGCTAGATGACTGATATCATTCAGTT,/5Phos/GATGTGTTCATGGTGTTACATGGATTACCTGTCTTGGGTCAAGAGGCAGGGGTGAAAGTCACGATGCTAGATGACTGATATCATTCAGTT,0.0078125
ONT_54_R,GATGTGTTCATGGTGTTACATGGATTACCT,CAACTCACTGTTAAGCTTTGCCAACTGCAG,ACGATGCTAGATGACTGATATCATTCAGTT,ONT,54,R,/5Phos/,GATGTGTTCATGGTGTTACATGGATTACCTCAACTCACTGTTAAGCTTTGCCAACTGCAGACGATGCTAGATGACTGATATCATTCAGTT,/5Phos/GATGTGTTCATGGTGTTACATGGATTACCTCAACTCACTGTTAAGCTTTGCCAACTGCAGACGATGCTAGATGACTGATATCATTCAGTT,0.0078125
ONT_55_R,GATGTGTTCATGGTGTTACATGGATTACCT,GGCTGGAACTCGTACTGCCCTAACAAGGTA,ACGATGCTAGATGACTGATATCATTCAGTT,ONT,55,R,/5Phos/,GATGTGTTCATGGTGTTACATGGATTACCTGGCTGGAACTCGTACTGCCCTAACAAGGTAACGATGCTAGATGACTGATATCATTCAGTT,/5Phos/GATGTGTTCATGGTGTTACATGGATTACCTGGCTGGAACTCGTACTGCCCTAACAAGGTAACGATGCTAGATGACTGATATCATTCAGTT,0.0078125
ONT_56_R,GATGTGTTCATGGTGTTACATGGATTACCT,TACATGTACACCCGTCTTCCCGCTGAGTGC,ACGATGCTAGATGACTGATATCATTCAGTT,ONT,56,R,/5Phos/,GATGTGTTCATGGTGTTACATGGATTACCTTACATGTACACCCGTCTTCCCGCTGAGTGCACGATGCTAGATGACTGATATCATTCAGTT,/5Phos/GATGTGTTCATGGTGTTACATGGATTACCTTACATGTACACCCGTCTTCCCGCTGAGTGCACGATGCTAGATGACTGATATCATTCAGTT,0.0078125
ONT_57_R,GATGTGTTCATGGTGTTACATGGATTACCT,GTCCGAATATATACGACGGCGGGTTGTCGC,ACGATGCTAGATGACTGATATCATTCAGTT,ONT,57,R,/5Phos/,GATGTGTTCATGGTGTTACATGGATTACCTGTCCGAATATATACGACGGCGGGTTGTCGCACGATGCTAGATGACTGATATCATTCAGTT,/5Phos/GATGTGTTCATGGTGTTACATGGATTACCTGTCCGAATATATACGACGGCGGGTTGTCGCACGATGCTAGATGACTGATATCATTCAGTT,0.00195313
ONT_58_R,GATGTGTTCATGGTGTTACATGGATTACCT,GCCTTTGTGGTCTGTGTTATCGTCGACTCG,ACGATGCTAGATGACTGATATCATTCAGTT,ONT,58,R,/5Phos/,GATGTGTTCATGGTGTTACATGGATTACCTGCCTTTGTGGTCTGTGTTATCGTCGACTCGACGATGCTAGATGACTGATATCATTCAGTT,/5Phos/GATGTGTTCATGGTGTTACATGGATTACCTGCCTTTGTGGTCTGTGTTATCGTCGACTCGACGATGCTAGATGACTGATATCATTCAGTT,0.00195313
ONT_59_R,GATGTGTTCATGGTGTTACATGGATTACCT,GGAGGTGCTAAACCTATTTCAGGCAAGGAT,ACGATGCTAGATGACTGATATCATTCAGTT,ONT,59,R,/5Phos/,GATGTGTTCATGGTGTTACATGGATTACCTGGAGGTGCTAAACCTATTTCAGGCAAGGATACGATGCTAGATGACTGATATCATTCAGTT,/5Phos/GATGTGTTCATGGTGTTACATGGATTACCTGGAGGTGCTAAACCTATTTCAGGCAAGGATACGATGCTAGATGACTGATATCATTCAGTT,0.00195313
ONT_60_R,GATGTGTTCATGGTGTTACATGGATTACCT,GACACCAAATAACTGTCGGGCATGTTGGAG,ACGATGCTAGATGACTGATATCATTCAGTT,ONT,60,R,/5Phos/,GATGTGTTCATGGTGTTACATGGATTACCTGACACCAAATAACTGTCGGGCATGTTGGAGACGATGCTAGATGACTGATATCATTCAGTT,/5Phos/GATGTGTTCATGGTGTTACATGGATTACCTGACACCAAATAACTGTCGGGCATGTTGGAGACGATGCTAGATGACTGATATCATTCAGTT,0.00195313
ONT_61_R,GATGTGTTCATGGTGTTACATGGATTACCT,CAGAATGCCACCTGTTTCGTGGTGACCAGG,ACGATGCTAGATGACTGATATCATTCAGTT,ONT,61,R,/5Phos/,GATGTGTTCATGGTGTTACATGGATTACCTCAGAATGCCACCTGTTTCGTGGTGACCAGGACGATGCTAGATGACTGATATCATTCAGTT,/5Phos/GATGTGTTCATGGTGTTACATGGATTACCTCAGAATGCCACCTGTTTCGTGGTGACCAGGACGATGCTAGATGACTGATATCATTCAGTT,0.00195313
ONT_62_R,GATGTGTTCATGGTGTTACATGGATTACCT,CACGCCGGGCGACGCAGCTCTCTCAGTTTG,ACGATGCTAGATGACTGATATCATTCAGTT,ONT,62,R,/5Phos/,GATGTGTTCATGGTGTTACATGGATTACCTCACGCCGGGCGACGCAGCTCTCTCAGTTTGACGATGCTAGATGACTGATATCATTCAGTT,/5Phos/GATGTGTTCATGGTGTTACATGGATTACCTCACGCCGGGCGACGCAGCTCTCTCAGTTTGACGATGCTAGATGACTGATATCATTCAGTT,0.00195313
ONT_63_R,GATGTGTTCATGGTGTTACATGGATTACCT,GATATTGGCTTTCTCCTTTTCGAAGGTTCT,ACGATGCTAGATGACTGATATCATTCAGTT,ONT,63,R,/5Phos/,GATGTGTTCATGGTGTTACATGGATTACCTGATATTGGCTTTCTCCTTTTCGAAGGTTCTACGATGCTAGATGACTGATATCATTCAGTT,/5Phos/GATGTGTTCATGGTGTTACATGGATTACCTGATATTGGCTTTCTCCTTTTCGAAGGTTCTACGATGCTAGATGACTGATATCATTCAGTT,0.00195313
ONT_64_R,GATGTGTTCATGGTGTTACATGGATTACCT,AATATGCATGGCGAACTGGGTAGGTGAGGC,ACGATGCTAGATGACTGATATCATTCAGTT,ONT,64,R,/5Phos/,GATGTGTTCATGGTGTTACATGGATTACCTAATATGCATGGCGAACTGGGTAGGTGAGGCACGATGCTAGATGACTGATATCATTCAGTT,/5Phos/GATGTGTTCATGGTGTTACATGGATTACCTAATATGCATGGCGAACTGGGTAGGTGAGGCACGATGCTAGATGACTGATATCATTCAGTT,0.00195313
ONT_65_R,GATGTGTTCATGGTGTTACATGGATTACCT,ACCATGTCGTGTCTGACTATGAGTAAGTTA,ACGATGCTAGATGACTGATATCATTCAGTT,ONT,65,R,/5Phos/,GATGTGTTCATGGTGTTACATGGATTACCTACCATGTCGTGTCTGACTATGAGTAAGTTAACGATGCTAGATGACTGATATCATTCAGTT,/5Phos/GATGTGTTCATGGTGTTACATGGATTACCTACCATGTCGTGTCTGACTATGAGTAAGTTAACGATGCTAGATGACTGATATCATTCAGTT,0.00390625
ONT_66_R,GATGTGTTCATGGTGTTACATGGATTACCT,ACCGTCCTTCATCTGGAGAGGTAATTGTGC,ACGATGCTAGATGACTGATATCATTCAGTT,ONT,66,R,/5Phos/,GATGTGTTCATGGTGTTACATGGATTACCTACCGTCCTTCATCTGGAGAGGTAATTGTGCACGATGCTAGATGACTGATATCATTCAGTT,/5Phos/GATGTGTTCATGGTGTTACATGGATTACCTACCGTCCTTCATCTGGAGAGGTAATTGTGCACGATGCTAGATGACTGATATCATTCAGTT,0.00390625
ONT_67_R,GATGTGTTCATGGTGTTACATGGATTACCT,TCCATCCGGGGATAGACGAGATGGCCACTG,ACGATGCTAGATGACTGATATCATTCAGTT,ONT,67,R,/5Phos/,GATGTGTTCATGGTGTTACATGGATTACCTTCCATCCGGGGATAGACGAGATGGCCACTGACGATGCTAGATGACTGATATCATTCAGTT,/5Phos/GATGTGTTCATGGTGTTACATGGATTACCTTCCATCCGGGGATAGACGAGATGGCCACTGACGATGCTAGATGACTGATATCATTCAGTT,0.00390625
ONT_68_R,GATGTGTTCATGGTGTTACATGGATTACCT,GCTTGTGTAGGGTCGCGAAGCAAAATACAG,ACGATGCTAGATGACTGATATCATTCAGTT,ONT,68,R,/5Phos/,GATGTGTTCATGGTGTTACATGGATTACCTGCTTGTGTAGGGTCGCGAAGCAAAATACAGACGATGCTAGATGACTGATATCATTCAGTT,/5Phos/GATGTGTTCATGGTGTTACATGGATTACCTGCTTGTGTAGGGTCGCGAAGCAAAATACAGACGATGCTAGATGACTGATATCATTCAGTT,0.00390625
ONT_69_R,GATGTGTTCATGGTGTTACATGGATTACCT,GCGTACGTAAGAATCAATGGAGCAATTGAC,ACGATGCTAGATGACTGATATCATTCAGTT,ONT,69,R,/5Phos/,GATGTGTTCATGGTGTTACATGGATTACCTGCGTACGTAAGAATCAATGGAGCAATTGACACGATGCTAGATGACTGATATCATTCAGTT,/5Phos/GATGTGTTCATGGTGTTACATGGATTACCTGCGTACGTAAGAATCAATGGAGCAATTGACACGATGCTAGATGACTGATATCATTCAGTT,0.00390625
ONT_70_R,GATGTGTTCATGGTGTTACATGGATTACCT,GCTTCAAGTCCTGGCCTACGATGTCTTTGG,ACGATGCTAGATGACTGATATCATTCAGTT,ONT,70,R,/5Phos/,GATGTGTTCATGGTGTTACATGGATTACCTGCTTCAAGTCCTGGCCTACGATGTCTTTGGACGATGCTAGATGACTGATATCATTCAGTT,/5Phos/GATGTGTTCATGGTGTTACATGGATTACCTGCTTCAAGTCCTGGCCTACGATGTCTTTGGACGATGCTAGATGACTGATATCATTCAGTT,0.00390625
ONT_71_R,GATGTGTTCATGGTGTTACATGGATTACCT,TGCGCGTATTAGGTCCTCGGGATTGAGACA,ACGATGCTAGATGACTGATATCATTCAGTT,ONT,71,R,/5Phos/,GATGTGTTCATGGTGTTACATGGATTACCTTGCGCGTATTAGGTCCTCGGGATTGAGACAACGATGCTAGATGACTGATATCATTCAGTT,/5Phos/GATGTGTTCATGGTGTTACATGGATTACCTTGCGCGTATTAGGTCCTCGGGATTGAGACAACGATGCTAGATGACTGATATCATTCAGTT,0.00390625
ONT_72_R,GATGTGTTCATGGTGTTACATGGATTACCT,TACTGATCGATACGTATGCATTTTAGGCGT,ACGATGCTAGATGACTGATATCATTCAGTT,ONT,72,R,/5Phos/,GATGTGTTCATGGTGTTACATGGATTACCTTACTGATCGATACGTATGCATTTTAGGCGTACGATGCTAGATGACTGATATCATTCAGTT,/5Phos/GATGTGTTCATGGTGTTACATGGATTACCTTACTGATCGATACGTATGCATTTTAGGCGTACGATGCTAGATGACTGATATCATTCAGTT,0.00390625